{
  "posts": [
    {
      "id": "1",
      "user": "Daniel Goshev",
      "avatar": "http://localhost:5000/assets/avatar.png",
      "title": "Software Developer, HackSoft",
      "content": "Despite our total project numbers only increasing by 2% compared to last month...",
      "likes": 4,
      "time": "2024-07-08T12:00:00Z",
      "reactions": {
        "like": 35,
        "love": 8,
        "laugh": 3,
        "surprise": 3
      },
      "comments": [
        {
          "text": "Great progress!",
          "user": "Ivan Goranov",
          "avatar": "http://localhost:5000/assets/avatar.png"
        },
        {
          "text": "Keep it up!",
          "user": "Maria Petrova",
          "avatar": "http://localhost:5000/assets/avatar.png"
        }
      ],
      "userReactions": {
        "Ivan Goranov": "surprise"
      },
      "userReaction": "love"
    },
    {
      "id": "2",
      "user": "Ivan Goranov",
      "avatar": "http://localhost:5000/assets/avatar.png",
      "title": "Candidate for a front-end developer at HackSoft",
      "content": "This is a short content.",
      "likes": 2,
      "time": "2024-07-08T12:05:00Z",
      "reactions": {
        "like": 52,
        "love": 8,
        "laugh": 4,
        "surprise": 1
      },
      "comments": [
        {
          "text": "Nice one!",
          "user": "Daniel Goshev",
          "avatar": "http://localhost:5000/assets/avatar.png"
        }
      ],
      "userReactions": {
        "Ivan Goranov": "like"
      },
      "userReaction": "laugh"
    },
    {
      "id": "3",
      "user": "Maria Petrova",
      "avatar": "http://localhost:5000/assets/avatar.png",
      "title": "Senior Developer at TechCorp",
      "content": "Here is another example of a post with medium-length content to test the layout and behavior of the 'see more' functionality in our application.",
      "likes": 5,
      "time": "2024-07-06T12:00:00Z",
      "reactions": {
        "like": 14,
        "love": 8,
        "laugh": 4,
        "surprise": 1
      },
      "comments": [
        {
          "text": "Interesting read!",
          "user": "John Doe",
          "avatar": "http://localhost:5000/assets/avatar.png"
        },
        {
          "text": "Thanks for sharing!",
          "user": "Anna Ivanova",
          "avatar": "http://localhost:5000/assets/avatar.png"
        }
      ]
    },
    {
      "id": "4",
      "user": "John Doe",
      "avatar": "http://localhost:5000/assets/avatar.png",
      "title": "Junior Developer at StartUp Inc.",
      "content": "This post has an even longer content than the previous ones. It should demonstrate how the 'see more' button behaves when there is a significant amount of text. The goal is to ensure that the transition is smooth and that the content expands vertically as expected when the user clicks on 'see more'. The content continues to grow in length to make sure we have enough text to test the functionality comprehensively.",
      "likes": 7,
      "time": "2024-07-08T11:55:00Z",
      "reactions": {
        "like": 16,
        "love": 10,
        "laugh": 6,
        "surprise": 2
      },
      "comments": [
        {
          "text": "Very detailed!",
          "user": "Ivan Goranov",
          "avatar": "http://localhost:5000/assets/avatar.png"
        },
        {
          "text": "Excellent work!",
          "user": "Georgi Georgiev",
          "avatar": "http://localhost:5000/assets/avatar.png"
        }
      ]
    },
    {
      "id": "5",
      "user": "Anna Ivanova",
      "avatar": "http://localhost:5000/assets/avatar.png",
      "title": "Product Manager at BigTech",
      "content": "Short and sweet.",
      "likes": 3,
      "time": "2024-07-08T11:30:00Z",
      "reactions": {
        "like": 5,
        "love": 3,
        "laugh": 2,
        "surprise": 1
      },
      "comments": []
    },
    {
      "id": "6",
      "user": "Georgi Georgiev",
      "avatar": "http://localhost:5000/assets/avatar.png",
      "title": "Backend Developer at MicroTech",
      "content": "Our backend services are now 20% faster!",
      "likes": 6,
      "time": "2024-07-08T11:00:00Z",
      "reactions": {
        "like": 10,
        "love": 5,
        "laugh": 3,
        "surprise": 1
      },
      "comments": [
        {
          "text": "Good job!",
          "user": "Daniel Goshev",
          "avatar": "http://localhost:5000/assets/avatar.png"
        },
        {
          "text": "Impressive!",
          "user": "Maria Petrova",
          "avatar": "http://localhost:5000/assets/avatar.png"
        }
      ]
    },
    {
      "id": "7",
      "user": "Anna Ivanova",
      "avatar": "http://localhost:5000/assets/avatar.png",
      "title": "Product Manager at BigTech",
      "content": "Excited about our new product launch next week.",
      "likes": 8,
      "time": "2024-07-07T12:00:00Z",
      "reactions": {
        "like": 14,
        "love": 9,
        "laugh": 2,
        "surprise": 3
      },
      "comments": [
        {
          "text": "Can't wait!",
          "user": "John Doe",
          "avatar": "http://localhost:5000/assets/avatar.png"
        }
      ]
    },
    {
      "id": "8",
      "user": "John Doe",
      "avatar": "http://localhost:5000/assets/avatar.png",
      "title": "Junior Developer at StartUp Inc.",
      "content": "Learning a lot in my new role!",
      "likes": 9,
      "time": "2024-07-08T10:00:00Z",
      "reactions": {
        "like": 13,
        "love": 7,
        "laugh": 4,
        "surprise": 2
      },
      "comments": [
        {
          "text": "That's great to hear!",
          "user": "Anna Ivanova",
          "avatar": "http://localhost:5000/assets/avatar.png"
        }
      ]
    },
    {
      "id": "9",
      "user": "Maria Petrova",
      "avatar": "http://localhost:5000/assets/avatar.png",
      "title": "Senior Developer at TechCorp",
      "content": "We just released a major update to our application!",
      "likes": 12,
      "time": "2024-07-05T12:00:00Z",
      "reactions": {
        "like": 20,
        "love": 12,
        "laugh": 5,
        "surprise": 3
      },
      "comments": [
        {
          "text": "Awesome update!",
          "user": "Georgi Georgiev",
          "avatar": "http://localhost:5000/assets/avatar.png"
        },
        {
          "text": "Love the new features!",
          "user": "Daniel Goshev",
          "avatar": "http://localhost:5000/assets/avatar.png"
        }
      ]
    },
    {
      "id": "10",
      "user": "Daniel Goshev",
      "avatar": "http://localhost:5000/assets/avatar.png",
      "title": "Software Developer, HackSoft",
      "content": "Our team is growing rapidly!",
      "likes": 10,
      "time": "2024-07-08T09:00:00Z",
      "reactions": {
        "like": 18,
        "love": 11,
        "laugh": 6,
        "surprise": 2
      },
      "comments": [
        {
          "text": "Welcome to the new members!",
          "user": "Maria Petrova",
          "avatar": "http://localhost:5000/assets/avatar.png"
        },
        {
          "text": "Great news!",
          "user": "Ivan Goranov",
          "avatar": "http://localhost:5000/assets/avatar.png"
        }
      ]
    },
    {
      "id": "11",
      "user": "Ivan Goranov",
      "avatar": "http://localhost:5000/assets/avatar.png",
      "title": "Candidate for a front-end developer at HackSoft",
      "content": "Just finished a major project!",
      "likes": 4,
      "time": "2024-07-08T12:10:00Z",
      "reactions": {
        "like": 12,
        "love": 7,
        "laugh": 3,
        "surprise": 2
      },
      "comments": [
        {
          "text": "Good work!",
          "user": "Daniel Goshev",
          "avatar": "http://localhost:5000/assets/avatar.png"
        },
        {
          "text": "Congratulations!",
          "user": "John Doe",
          "avatar": "http://localhost:5000/assets/avatar.png"
        }
      ]
    },
    {
      "id": "12",
      "user": "Maria Petrova",
      "avatar": "http://localhost:5000/assets/avatar.png",
      "title": "Senior Developer at TechCorp",
      "content": "Working on some exciting new features.",
      "likes": 6,
      "time": "2024-07-08T06:00:00Z",
      "reactions": {
        "like": 15,
        "love": 8,
        "laugh": 4,
        "surprise": 3
      },
      "comments": [
        {
          "text": "Can't wait to see them!",
          "user": "Ivan Goranov",
          "avatar": "http://localhost:5000/assets/avatar.png"
        }
      ]
    },
    {
      "id": "13",
      "user": "John Doe",
      "avatar": "http://localhost:5000/assets/avatar.png",
      "title": "Junior Developer at StartUp Inc.",
      "content": "Happy with my progress so far.",
      "likes": 5,
      "time": "2024-07-07T12:00:00Z",
      "reactions": {
        "like": 10,
        "love": 6,
        "laugh": 3,
        "surprise": 2
      },
      "comments": [
        {
          "text": "Keep it up!",
          "user": "Maria Petrova",
          "avatar": "http://localhost:5000/assets/avatar.png"
        }
      ]
    },
    {
      "id": "14",
      "user": "Georgi Georgiev",
      "avatar": "http://localhost:5000/assets/avatar.png",
      "title": "Backend Developer at MicroTech",
      "content": "Looking forward to our next sprint.",
      "likes": 7,
      "time": "2024-07-08T09:00:00Z",
      "reactions": {
        "like": 11,
        "love": 5,
        "laugh": 3,
        "surprise": 1
      },
      "comments": [
        {
          "text": "Let's do this!",
          "user": "Ivan Goranov",
          "avatar": "http://localhost:5000/assets/avatar.png"
        },
        {
          "text": "Go team!",
          "user": "Daniel Goshev",
          "avatar": "http://localhost:5000/assets/avatar.png"
        }
      ]
    },
    {
      "id": "15",
      "user": "Anna Ivanova",
      "avatar": "http://localhost:5000/assets/avatar.png",
      "title": "Product Manager at BigTech",
      "content": "Wrapping up the quarter with strong results.",
      "likes": 8,
      "time": "2024-07-01T12:00:00Z",
      "reactions": {
        "like": 14,
        "love": 9,
        "laugh": 4,
        "surprise": 2
      },
      "comments": [
        {
          "text": "Fantastic work!",
          "user": "John Doe",
          "avatar": "http://localhost:5000/assets/avatar.png"
        },
        {
          "text": "Great effort by the team!",
          "user": "Georgi Georgiev",
          "avatar": "http://localhost:5000/assets/avatar.png"
        }
      ]
    },
    {
      "id": "16",
      "user": "Daniel Goshev",
      "avatar": "http://localhost:5000/assets/avatar.png",
      "title": "Software Developer, HackSoft",
      "content": "Our team is growing rapidly!",
      "likes": 10,
      "time": "2024-07-08T09:00:00Z",
      "reactions": {
        "like": 18,
        "love": 11,
        "laugh": 6,
        "surprise": 2
      },
      "comments": [
        {
          "text": "Welcome to the new members!",
          "user": "Maria Petrova",
          "avatar": "http://localhost:5000/assets/avatar.png"
        },
        {
          "text": "Great news!",
          "user": "Ivan Goranov",
          "avatar": "http://localhost:5000/assets/avatar.png"
        }
      ]
    },
    {
      "id": "17",
      "user": "Ivan Goranov",
      "avatar": "http://localhost:5000/assets/avatar.png",
      "title": "Candidate for a front-end developer at HackSoft",
      "content": "Just finished a major project!",
      "likes": 4,
      "time": "2024-07-08T12:10:00Z",
      "reactions": {
        "like": 12,
        "love": 7,
        "laugh": 3,
        "surprise": 2
      },
      "comments": [
        {
          "text": "Good work!",
          "user": "Daniel Goshev",
          "avatar": "http://localhost:5000/assets/avatar.png"
        },
        {
          "text": "Congratulations!",
          "user": "John Doe",
          "avatar": "http://localhost:5000/assets/avatar.png"
        }
      ]
    },
    {
      "id": "18",
      "user": "Maria Petrova",
      "avatar": "http://localhost:5000/assets/avatar.png",
      "title": "Senior Developer at TechCorp",
      "content": "Working on some exciting new features.",
      "likes": 6,
      "time": "2024-07-08T06:00:00Z",
      "reactions": {
        "like": 15,
        "love": 8,
        "laugh": 4,
        "surprise": 3
      },
      "comments": [
        {
          "text": "Can't wait to see them!",
          "user": "Ivan Goranov",
          "avatar": "http://localhost:5000/assets/avatar.png"
        }
      ]
    },
    {
      "id": "19",
      "user": "John Doe",
      "avatar": "http://localhost:5000/assets/avatar.png",
      "title": "Junior Developer at StartUp Inc.",
      "content": "Happy with my progress so far.",
      "likes": 5,
      "time": "2024-07-07T12:00:00Z",
      "reactions": {
        "like": 10,
        "love": 6,
        "laugh": 3,
        "surprise": 2
      },
      "comments": [
        {
          "text": "Keep it up!",
          "user": "Maria Petrova",
          "avatar": "http://localhost:5000/assets/avatar.png"
        }
      ]
    },
    {
      "id": "20",
      "user": "Georgi Georgiev",
      "avatar": "http://localhost:5000/assets/avatar.png",
      "title": "Backend Developer at MicroTech",
      "content": "Looking forward to our next sprint.",
      "likes": 7,
      "time": "2024-07-08T09:00:00Z",
      "reactions": {
        "like": 11,
        "love": 5,
        "laugh": 3,
        "surprise": 1
      },
      "comments": [
        {
          "text": "Let's do this!",
          "user": "Ivan Goranov",
          "avatar": "http://localhost:5000/assets/avatar.png"
        },
        {
          "text": "Go team!",
          "user": "Daniel Goshev",
          "avatar": "http://localhost:5000/assets/avatar.png"
        }
      ]
    },
    {
      "id": "1a7b",
      "user": "Ivan Goranov",
      "avatar": "http://localhost:3000/assets/avatar.png",
      "title": "Candidate for a front-end developer at HackSoft",
      "content": "аааа",
      "reactions": {
        "like": 0,
        "love": 0,
        "laugh": 0,
        "surprise": 0
      },
      "comments": [],
      "time": "2024-07-08T12:27:16.914Z"
    },
    {
      "id": "a464",
      "user": "Ivan Goranov",
      "avatar": "http://localhost:3000/assets/avatar.png",
      "title": "Candidate for a front-end developer at HackSoft",
      "content": "дддд",
      "reactions": {
        "like": 0,
        "love": 0,
        "laugh": 0,
        "surprise": 0
      },
      "comments": [],
      "time": "2024-07-08T12:27:21.523Z"
    },
    {
      "id": "9489",
      "user": "Ivan Goranov",
      "avatar": "http://localhost:3000/assets/avatar.png",
      "title": "Candidate for a front-end developer at HackSoft",
      "content": "ссссссс",
      "reactions": {
        "like": 0,
        "love": 0,
        "laugh": 0,
        "surprise": 0
      },
      "comments": [],
      "time": "2024-07-08T12:27:27.927Z"
    },
    {
      "id": "98b9",
      "user": "Ivan Goranov",
      "avatar": "http://localhost:3000/assets/avatar.png",
      "title": "Candidate for a front-end developer at HackSoft",
      "content": "asdas",
      "reactions": {
        "like": 0,
        "love": 0,
        "laugh": 0,
        "surprise": 0
      },
      "comments": [],
      "time": "2024-07-08T12:30:30.593Z"
    },
    {
      "id": "576c",
      "user": "Ivan Goranov",
      "avatar": "http://localhost:3000/assets/avatar.png",
      "title": "Candidate for a front-end developer at HackSoft",
      "content": "сссссссс",
      "reactions": {
        "like": 0,
        "love": 0,
        "laugh": 0,
        "surprise": 0
      },
      "comments": [],
      "time": "2024-07-08T12:37:24.144Z"
    },
    {
      "id": "fc76",
      "user": "Ivan Goranov",
      "avatar": "http://localhost:3000/assets/avatar.png",
      "title": "Candidate for a front-end developer at HackSoft",
      "content": "ссссссс",
      "reactions": {
        "like": 0,
        "love": 0,
        "laugh": 0,
        "surprise": 0
      },
      "comments": [],
      "time": "2024-07-08T12:43:38.069Z"
    },
    {
      "id": "b66d",
      "user": "Ivan Goranov",
      "avatar": "http://localhost:3000/assets/avatar.png",
      "title": "Candidate for a front-end developer at HackSoft",
      "content": "ссссссссс",
      "reactions": {
        "like": 0,
        "love": 0,
        "laugh": 0,
        "surprise": 0
      },
      "comments": [],
      "time": "2024-07-08T12:43:40.526Z"
    },
    {
      "id": "0299",
      "user": "Ivan Goranov",
      "avatar": "http://localhost:3000/assets/avatar.png",
      "title": "Candidate for a front-end developer at HackSoft",
      "content": "дддддддддд",
      "reactions": {
        "like": 0,
        "love": 0,
        "laugh": 0,
        "surprise": 0
      },
      "comments": [],
      "time": "2024-07-08T12:43:43.642Z"
    },
    {
      "id": "a21b",
      "user": "Ivan Goranov",
      "avatar": "http://localhost:3000/assets/avatar.png",
      "title": "Candidate for a front-end developer at HackSoft",
      "content": "eweeee",
      "reactions": {
        "like": 0,
        "love": 0,
        "laugh": 0,
        "surprise": 0
      },
      "comments": [],
      "time": "2024-07-08T13:50:53.803Z"
    },
    {
      "id": "3a2b",
      "user": "Ivan Goranov",
      "avatar": "http://localhost:3000/assets/avatar.png",
      "title": "Candidate for a front-end developer at HackSoft",
      "content": "eeeeeeeeeee",
      "reactions": {
        "like": 0,
        "love": 0,
        "laugh": 0,
        "surprise": 0
      },
      "comments": [],
      "time": "2024-07-08T13:59:40.547Z"
    },
    {
      "id": "57ff",
      "user": "Ivan Goranov",
      "avatar": "http://localhost:3000/assets/avatar.png",
      "title": "Candidate for a front-end developer at HackSoft",
      "content": "qwerty",
      "reactions": {
        "like": 0,
        "love": 0,
        "laugh": 0,
        "surprise": 0
      },
      "comments": [],
      "time": "2024-07-08T13:59:50.077Z"
    },
    {
      "id": "ae40",
      "user": "Ivan Goranov",
      "avatar": "http://localhost:3000/assets/avatar.png",
      "title": "Candidate for a front-end developer at HackSoft",
      "content": "test123123",
      "reactions": {
        "like": 1,
        "love": 0,
        "laugh": 0,
        "surprise": 0
      },
      "comments": [],
      "time": "2024-07-08T14:03:04.619Z",
      "userReactions": {
        "Ivan Goranov": "like"
      }
    },
    {
      "id": "09b1",
      "user": "Ivan Goranov",
      "avatar": "http://localhost:3000/assets/avatar.png",
      "title": "Candidate for a front-end developer at HackSoft",
      "content": "testov test",
      "reactions": {
        "like": 1,
        "love": 0,
        "laugh": 0,
        "surprise": 0
      },
      "comments": [],
      "time": "2024-07-08T14:03:24.694Z",
      "userReactions": {
        "Ivan Goranov": "like"
      }
    },
    {
      "id": "dad3",
      "user": "Ivan Goranoff",
      "avatar": "http://localhost:3000/assets/avatar.png",
      "title": "Candidate for a front-end developer at HackSoft",
      "content": "test na testa",
      "reactions": {
        "like": 1,
        "love": 0,
        "laugh": 0,
        "surprise": 0
      },
      "comments": [],
      "time": "2024-07-08T14:03:35.926Z",
      "userReactions": {
        "Ivan Goranoff": "like"
      }
    }
  ]
}